score, class
-2535.152332168994, 0
-22343.045124614415, 0
-1275.5736530308711, 0
-2381.751831558926, 0
-1221.9032835499356, 0
-2310.560749651952, 0
-22365.23215842375, 0
-24793.62994166148, 0
-15568.809719784413, 0
-16043.733954784406, 0
-3318.2415381603046, 0
-1372.8920489714565, 0
-15512.618908322, 0
-15596.09095422447, 0
-15660.892998938814, 0
-2223.354836695846, 0
-1382.1379033905355, 0
-1477.2072736255172, 0
-22375.000865848844, 0
-2501.673608152397, 0
-3374.906800736, 0
-2416.035733728114, 0
-15562.694992004335, 0
-15661.146432315267, 0
-1382.9746241423993, 0
-10518.50486359115, 0
-22367.462034066593, 0
-24785.029460119244, 0
-819.1503607540512, 0
-15593.13236847106, 0
-1398.602249388247, 0
-16606.991751976082, 0
-15496.72429704381, 0
-695.3332417331089, 0
-15496.72429704381, 0
-3005.3604312389275, 0
-777.2482727587729, 0
-1392.788273813556, 0
-2390.5968806308647, 0
-2442.974218768779, 0
-24793.490152178347, 0
-2223.511784446074, 0
-2409.5325261888547, 0
-1393.8396320618954, 0
-1376.576029725479, 0
-2439.0830202485845, 0
-22628.28300596262, 0
-15686.603550726764, 0
-17080.288858496202, 0
-1372.2040942463343, 0
-1622.2610767077963, 0
-2536.183237504177, 0
-15775.596142622275, 0
-2514.7035319830998, 0
-2390.5968806308647, 0
-22373.311756642914, 0
-2204.896166736828, 0
-1491.3029530848942, 0
-22842.360459741634, 0
-1334.4854002790278, 0
-1424.792663337503, 0
-2535.152332168994, 0
-2310.560749651952, 0
-15396.69045652313, 0
-15730.923481716112, 0
-1499.3884493259804, 0
-2223.354836695846, 0
-1424.2745112464772, 0
-1460.197256949756, 0
-2419.443525302558, 0
-22792.709967150367, 0
-2393.057745901193, 0
-1422.165559353403, 0
-15537.70032063576, 0
-15529.132932818178, 0
-15951.851937939848, 0
-22618.97610506136, 0
-1407.8273079786559, 0
-1389.1591910756613, 0
-827.0741084575665, 0
-1431.3904499606626, 0
-15684.590509398582, 0
-2240.051506567212, 0
-22622.776253018885, 0
-24855.032935392235, 0
-15548.983669486464, 0
-22651.392971016314, 0
-2178.4949463245703, 0
-15613.174010806568, 0
-2401.537390276293, 0
-22373.499935979293, 0
-22767.11084460141, 0
-15979.886135629571, 0
-2178.4949463245703, 0
-1409.952965334293, 0
-1392.1694615462538, 0
-1563.1699167226166, 0
-1407.8388812311716, 0
-1376.970320427936, 0
-803.467086984923, 0
-7542.500178391396, 1
-18819.185634203528, 1
-7695.491154212826, 1
-10157.582007362575, 1
-7047.738624712249, 1
-18805.28510678267, 1
-7434.596654263459, 1
-12214.475716787729, 1
-19714.63717633912, 1
-12725.108575508293, 1
-8464.909993808042, 1
-8417.002779179964, 1
-7183.608662015472, 1
-16935.580453145492, 1
-8711.476001623449, 1
-18645.082261709456, 1
-7771.762509320472, 1
-17687.143197530724, 1
-23401.995203535345, 1
-19682.207577420253, 1
-7042.000104671663, 1
-8587.847614312594, 1
-20301.563052522164, 1
-16077.545702874831, 1
-19819.988950364106, 1
-9008.353774434796, 1
-7033.987701395377, 1
-13487.019764112929, 1
-18901.528888651177, 1
-10557.619645744728, 1
-11723.412427091424, 1
-19348.660000084543, 1
-19828.56493948346, 1
-19887.055255140767, 1
-20915.15516422309, 1
-12725.108575508293, 1
-19144.3273378154, 1
-7657.241725053332, 1
-20777.588756593388, 1
-17466.15965712119, 1
-10040.925295395653, 1
-7909.9057419809615, 1
-19709.455567056302, 1
-18215.025268777084, 1
-19512.63591440374, 1
-8313.756873970278, 1
-8454.354370140942, 1
-19711.03530107219, 1
-12725.108575508293, 1
-16725.407181697825, 1
-10873.629791494606, 1
-8056.481943051031, 1
-8821.417841661701, 1
-17358.80452055575, 1
-18671.364383464694, 1
-19173.58621075425, 1
-7464.418625590165, 1
-19012.004033047422, 1
-12725.108575508293, 1
-9085.116365997823, 1
-19971.816269954314, 1
-7178.183209175557, 1
-8282.16972715905, 1
-18434.669020973408, 1
-7342.678863161245, 1
-7185.442099704217, 1
-18963.929174639023, 1
-7046.38505473886, 1
-12279.713942569391, 1
-18761.392931545033, 1
-16972.004684718748, 1
-7250.266780647448, 1
-20665.739392153257, 1
-8902.417588118256, 1
-7044.178142910826, 1
-19646.15584121482, 1
-19346.571974324776, 1
-8270.670127774165, 1
-8366.564046521305, 1
-21057.44571179811, 1
-12865.89582169262, 1
-8175.010911853179, 1
-8401.679471819005, 1
-6979.6855453193, 1
-8789.626361135583, 1
-17281.518328730515, 1
-9688.54007684939, 1
-17993.449335630114, 1
-19016.90359477111, 1
-15830.395585251072, 1
-11847.120673445397, 1
-13276.805897688797, 1
-13487.019764112929, 1
-18360.025584046787, 1
-19259.500255402327, 1
-18521.207940604632, 1
-7926.903513898878, 1
-23313.33987936368, 1
-7817.383353065654, 1
-19848.20926054079, 1
