score1,score2,score3,class
-2088.1157563249703,-2513.23882518608,-1780.256082303736,0
-16216.649727796304,-22270.53952629403,-14969.549894953812,0
-728.2739374352896,-1714.4546673353084,-631.0030085794883,0
-1993.7115950866423,-2355.1969822056058,-1680.8576022410452,0
-779.4916803084755,-1535.2271988559748,-699.5144833728624,0
-1869.205232560333,-2294.687404580875,-1608.1083395751689,0
-16234.044877821374,-22290.463233986746,-14990.669947950384,0
-17517.1119203922,-24743.98716760496,-16129.467726614486,0
-11512.78840653195,-15418.34225903552,-10432.965830854451,0
-11803.98940475884,-16109.86614138511,-10652.817357207954,0
-2567.683515189747,-3282.0123601776686,-2177.08808852753,0
-1034.70959255373,-1397.0743565224143,-871.1020156644323,0
-11462.80832627582,-15352.335048818148,-10365.572445785572,0
-11660.099417112224,-15510.668868275096,-10498.763592715644,0
-11771.175447792362,-15477.479697909614,-10583.576196565244,0
-1836.423737694304,-2207.331810834607,-1555.5256600166783,0
-1016.3168379675824,-1388.8524458788877,-869.5729554329064,0
-1131.5978412976528,-1474.2400753390611,-960.4119959091186,0
-16235.392908698352,-22300.028962516222,-14993.093469715044,0
-2272.489127927837,-2478.792379237712,-1918.330562637964,0
-2604.425359888271,-3330.2197508956247,-2206.372329744413,0
-2011.5926760081625,-2354.7883563180985,-1731.0610086883023,0
-11661.053080928265,-15400.058497510228,-10485.48844952194,0
-11770.951443328302,-15487.695992588908,-10591.25765307447,0
-1032.176669205536,-1387.527809548233,-877.7869846805474,0
-9832.070904800616,-10050.284213595667,-8024.809656770099,0
-16233.338172216469,-22289.89777733019,-14988.98810114569,0
-17515.245176162098,-24735.78292525936,-16128.655072904075,0
-589.3740913890905,-858.8240762240981,-557.5437629562655,0
-11556.689578370688,-15428.792526643145,-10427.852295372842,0
-1040.8753824459493,-1420.3596967927986,-881.8428322709242,0
-12239.782651751391,-16368.509321819784,-11021.062868531308,0
-11578.755976402112,-15311.09500668202,-10419.772023081883,0
-570.1358151744555,-704.8971242504267,-506.3937515514257,0
-11578.755976402112,-15311.09500668202,-10419.772023081883,0
-1431.4150514099397,-3125.8122823405297,-1353.0624163241844,0
-603.8601397542826,-780.8095247820268,-519.8822372433175,0
-1048.6800241722772,-1417.5094562984766,-881.7694816388101,0
-1995.8697754012717,-2362.17071590012,-1688.2138328591357,0
-2207.401417315589,-2410.753530341033,-1858.047838456141,0
-17516.674020739287,-24742.035440141728,-16129.18300933668,0
-1843.2595350224035,-2201.586383972528,-1562.8372592610551,0
-2186.2991266491936,-2395.392229274936,-1870.201855508188,0
-1049.270841015791,-1417.603762513407,-886.3774838817435,0
-1016.8564844152172,-1382.6838690437396,-870.4639280146159,0
-2171.7255059813983,-2418.051248946,-1881.692078529558,0
-16489.957605318592,-22518.42077962688,-15207.431370168715,0
-11791.992165594687,-15600.643901498845,-10597.968144373075,0
-12064.570495532722,-17160.51936058623,-10817.84442138423,0
-1035.678960336764,-1397.0872390457057,-872.8705401192198,0
-1214.1674359843594,-1622.486978192728,-1032.5911152696433,0
-2053.728317830086,-2459.340467738788,-1831.1935211601449,0
-11870.287037718075,-15568.822355017384,-10658.169263687712,0
-2264.118854464793,-2475.495294209159,-1924.654777127649,0
-1995.8697754012717,-2362.17071590012,-1688.2138328591357,0
-16238.103331272823,-22296.089292038643,-14997.122075510764,0
-1801.136196951363,-2186.639811798639,-1536.1113035185224,0
-1136.0676401792402,-1516.1294464023476,-963.3135295960952,0
-16716.98840873589,-22715.566994652352,-15366.829620869104,0
-998.9790854029562,-1345.1595481319766,-845.9005422079663,0
-1058.728283954547,-1441.7304406267965,-909.0685496584064,0
-2088.1157563249703,-2513.23882518608,-1780.256082303736,0
-1869.205232560333,-2294.687404580875,-1608.1083395751689,0
-11489.327207937446,-15231.241400676778,-10359.988709484356,0
-11799.95382101666,-15565.740624293823,-10621.73805319909,0
-1114.8403806692206,-1518.3943943323268,-945.6109867097332,0
-1836.423737694304,-2207.331810834607,-1555.5256600166783,0
-1064.103016908722,-1430.1886612948128,-906.5032590350436,0
-1089.2684275369515,-1489.022077244469,-943.4608620749066,0
-2163.2805431253105,-2399.173429678572,-1844.8093770707087,0
-16697.74970070345,-22659.99546496085,-15344.363951686708,0
-2145.805816317238,-2367.2115726782945,-1845.898634566229,0
-1056.822755831964,-1443.8698781209512,-900.5785111186847,0
-11642.263948414258,-15374.54409500244,-10481.426016728996,0
-11641.552090587078,-15371.935223431725,-10481.432817024655,0
-11930.684112173518,-15759.31726373832,-10707.47777048723,0
-16490.425521109835,-22512.95220223297,-15209.43231646494,0
-1037.203494188815,-1414.5668693536948,-896.3218004523762,0
-1052.9950499600177,-1411.9955780528562,-892.6712473577148,0
-618.7134104877438,-999.7122357882822,-546.2838058956207,0
-1075.4223640622797,-1440.7651962561622,-930.3520832627776,0
-11794.798093193604,-15596.2468988701,-10598.59159367961,0
-1833.512368334753,-2224.865421243941,-1564.882327060321,0
-16472.90170068308,-22523.36527018148,-15197.905518798005,0
-17580.964081253336,-24804.89940005132,-16172.79602482618,0
-11645.69598032161,-15388.299541125789,-10483.53981538775,0
-16495.09707691773,-22698.405561834057,-15213.83070053366,0
-1801.3296749231995,-2161.623127954474,-1528.4743828805624,0
-11567.922660944683,-15460.449519935506,-10444.033267177245,0
-2131.016991563921,-2367.3351677763344,-1829.2071037835565,0
-16234.531244768974,-22292.746366832223,-14992.79691480851,0
-16683.113414349384,-22636.31212002619,-15329.820863025754,0
-11808.793922879177,-15819.37375551757,-10604.47910533947,0
-1801.3296749231995,-2161.623127954474,-1528.4743828805624,0
-1039.0872425600871,-1419.330055127741,-897.7441242941638,0
-1049.7137191941329,-1416.8539649425145,-894.7296316259374,0
-1179.4099128137002,-1662.7885670776882,-1010.1207447012076,0
-1061.245315607719,-1431.761326428423,-890.8198259485973,0
-1027.930053137795,-1382.3494965150962,-875.7843216544138,0
-587.583593540244,-849.5724459431842,-552.2923666901754,0
-1891.470759629059,-3807.890150946473,-1536.5288201449216,1
-829.0771332127748,-913.9748578390216,-720.7936643366018,1
-4193.349831838556,-7864.649426209975,-3887.0717402475225,1
-1506.6985332473064,-2756.180163434194,-1417.385296579298,1
-1503.0194005709636,-1703.213188915953,-1287.9099287436102,1
-1765.5018893515878,-3428.829196748034,-1544.7272591305834,1
-2011.693027492386,-4383.169968902837,-1793.1789873891298,1
-1968.343070563689,-3917.2699221030334,-1742.892129468124,1
-2084.178522563964,-4047.8337020118106,-1848.1337780379004,1
-1888.7859806470424,-3685.1514039286726,-1733.729075294998,1
-2121.1736242002016,-4095.1153922218073,-1892.3212719508049,1
-1997.651910856997,-4110.679649985885,-1805.7835964551173,1
-1503.5926692766143,-3341.2603215317995,-1413.4610860585876,1
-1813.1637384018416,-2924.8718266904307,-1664.8620243317368,1
-1942.5363188818235,-3922.981551280029,-1730.2188108786077,1
-2284.982697448728,-4690.8261163626175,-1986.6242082118997,1
-878.1770157197097,-961.9656686704532,-763.676546825183,1
-1765.5018893515878,-3428.829196748034,-1544.7272591305834,1
-2228.1721980891243,-4569.917186091426,-1918.8364132570075,1
-1813.1637384018416,-2924.8718266904307,-1664.8620243317368,1
-878.1770157197097,-961.9656686704532,-763.676546825183,1
-2345.9032404570576,-5067.546871083522,-2005.4059701753083,1
-1589.0395414382997,-3516.2711690020155,-1492.728657986691,1
-3553.1735336383435,-8682.803267594034,-3261.0698618403458,1
-1888.7859806470424,-3685.1514039286726,-1733.729075294998,1
-1332.1984989049072,-2114.764734397667,-1228.1587871258316,1
-2135.8727595955725,-3658.025027245494,-1556.9609312709586,1
-15729.763177881756,-14689.72819645382,-13930.60927416141,1
-1081.2315422996317,-1575.2783490636616,-860.9441279078068,1
-6080.993705949044,-16364.715369823072,-4203.447922099278,1
-1575.452376450822,-3486.007135629592,-1489.3385917709263,1
-1957.184608276323,-4074.452268771821,-1754.1830492256497,1
-1551.8901937293736,-3467.181174331125,-1473.0423715540762,1
-1503.5926692766143,-3341.2603215317995,-1413.4610860585876,1
-3080.1380434745683,-6549.202063245053,-2566.736774050363,1
-66518.54173090756,-58158.83875727005,-52113.14021706002,1
-2732.576788556621,-5490.744753664722,-2581.6558127102107,1
-1997.651910856997,-4110.679649985885,-1805.7835964551173,1
-6169.470656320802,-16450.389067874614,-4291.377869756945,1
-1503.0194005709636,-1703.213188915953,-1287.9099287436102,1
-1623.912177719673,-2980.637852123387,-1531.3882454210782,1
-2293.1554460724183,-4689.3225362745015,-2009.0925860506263,1
-3079.917990704239,-6051.951404701658,-2807.1548560959254,1
-1957.184608276323,-4074.452268771821,-1754.1830492256497,1
-1506.6985332473064,-2756.180163434194,-1417.385296579298,1
-1472.0474391060332,-3289.03218051334,-1394.1746977510534,1
-1250.275741299625,-1889.7744209689192,-977.6633817013128,1
-1770.7035901911715,-2837.114345064853,-1607.38535338596,1
-2322.9501924433152,-4055.454440834116,-1744.7790266763802,1
-2386.4543621603207,-4796.964002609783,-2207.45269439432,1
-1560.2542240773992,-2917.165573209069,-1142.2588376316749,1
-2084.178522563964,-4047.8337020118106,-1848.1337780379004,1
-1603.145326644055,-2957.459224091732,-1216.3774007086874,1
-1957.184608276323,-4074.452268771821,-1754.1830492256497,1
-4867.185751798329,-10987.54300717796,-4656.515649973687,1
-1602.3286943976334,-2956.9202490929315,-1215.8945456339582,1
-1797.8333222611127,-3549.134311185703,-1594.6353642431322,1
-2571.6770919355645,-5396.709525799408,-2386.2386999124933,1
-2161.1344556272443,-3718.105849611669,-1591.2052317183,1
-846.5967337184551,-930.880014931582,-731.642276372677,1
-846.5967337184551,-930.880014931582,-731.642276372677,1
-1503.5926692766143,-3341.2603215317995,-1413.4610860585876,1
-1797.8333222611127,-3549.134311185703,-1594.6353642431322,1
-17077.03789407907,-33718.04019037215,-14184.380311064004,1
-1790.2687848763544,-3111.0314705369638,-1637.405865367537,1
-4731.98728524389,-11931.69493161359,-4437.008072333159,1
-3536.5173608634964,-8666.392069192787,-3249.1402635347245,1
-1434.1728542701694,-1487.6722235481052,-1187.2377182705925,1
-2058.375791354577,-4053.5350005216246,-1835.4830474256248,1
-1722.367493618228,-3265.379453842148,-1342.0911057103356,1
-1742.2169109815718,-2972.979234971639,-1566.029894511979,1
-1720.220104674023,-3409.633420626786,-1714.0294481251367,1
-1316.1145464995427,-1528.865688310986,-1151.7476740738766,1
-2125.2894334899283,-3200.6378872530386,-1777.081405546968,1
-1790.2687848763544,-3111.0314705369638,-1637.405865367537,1
-2084.178522563964,-4047.8337020118106,-1848.1337780379004,1
-878.1770157197097,-961.9656686704532,-763.676546825183,1
-1799.51431946052,-3034.49525669215,-1616.6972511424035,1
-1498.3128868547808,-2680.1288916913504,-1394.490740030498,1
-1957.184608276323,-4074.452268771821,-1754.1830492256497,1
-1813.1637384018416,-2924.8718266904307,-1664.8620243317368,1
-40382.52765852544,-46762.27876315599,-33095.787584238315,1
-15626.340976316544,-19548.87147388269,-12985.70822762576,1
-809.1501808126095,-943.115435373984,-732.4503331656696,1
-1495.609621827482,-3307.8581418118065,-1410.470917967903,1
-1495.609621827482,-3307.8581418118065,-1410.470917967903,1
-1720.220104674023,-3409.633420626786,-1714.0294481251367,1
-1479.4988971248551,-3275.3459168921227,-1393.9447347710216,1
-1498.3128868547808,-2680.1288916913504,-1394.490740030498,1
-2118.907801154042,-3647.659199741408,-1551.7821659943456,1
-1957.184608276323,-4074.452268771821,-1754.1830492256497,1
-4946.980158079472,-11428.875044768483,-4739.962288260546,1
-15626.340976316544,-19548.87147388269,-12985.70822762576,1
-2029.387033237624,-4351.839835055119,-1690.217116917995,1
-1316.1145464995427,-1528.865688310986,-1151.7476740738766,1
-1720.220104674023,-3409.633420626786,-1714.0294481251367,1
-2537.318908681168,-5416.822742371654,-2180.42166320273,1
-1211.960067918469,-1825.8700134963624,-950.2476843934236,1
-2431.976259365451,-4890.071186322252,-2256.4763469498166,1
-1813.1637384018416,-2924.8718266904307,-1664.8620243317368,1
