score,class
-17046.313875293068,0
-15378.954381271024,0
-13126.734748197221,0
-12908.232949792366,0
-7246.926974058735,0
-6230.346886622112,0
-7324.6509446795135,0
-6179.566274223365,0
-6419.759488618879,0
-10500.730474935817,0
-14896.548620898884,0
-16613.90306521816,0
-16539.917461369994,0
-10572.225906048097,0
-15934.45432165335,0
-14060.1572366882,0
-16184.198037163915,0
-14723.182140111461,0
-10678.40257672983,0
-13092.997680258179,0
-7555.494262326798,0
-17662.983404610095,0
-22475.488870858753,0
-15731.642602162747,0
-7627.456024461117,0
-13472.18044416391,0
-16810.210334538144,0
-15653.224049205237,0
-16039.61082032271,0
-13625.890813287406,0
-7369.160521981899,0
-7392.954483050158,0
-8025.50945931425,0
-5516.125706438126,0
-16839.48531147694,0
-7567.419184847637,0
-14911.926863095698,0
-17285.49147581429,0
-6243.959636514492,0
-6280.550895565939,0
-15500.6369935196,0
-10572.225906048097,0
-7304.867294210054,0
-7218.218864747734,0
-7527.096172615023,0
-10572.225906048097,0
-17192.9428293089,0
-17710.69295404464,0
-14847.575760546913,0
-14038.308003361932,0
-8508.288688481918,0
-5451.163171220136,0
-7545.477216973549,0
-7450.119473058724,0
-5532.753452737029,0
-6683.319016644527,0
-17136.83127482253,0
-14023.043599572684,0
-10678.40257672983,0
-6775.713825718432,0
-6246.29413452226,0
-9872.039373623484,0
-10678.40257672983,0
-17228.158640281734,0
-6920.225335335142,0
-14244.672341026211,0
-6026.649899791278,0
-13467.340249239058,0
-14495.43683141811,0
-14945.063136258135,0
-7368.491943866301,0
-13085.478422800712,0
-17310.582320390295,0
-14811.561154475374,0
-15409.355040481445,0
-16486.10863866569,0
-7798.780260185328,0
-17361.91549574831,0
-14886.542652738955,0
-5603.488009364537,0
-9424.28395236535,0
-17702.621210984868,0
-7467.305845706862,0
-14609.152750573492,0
-7613.785265850717,0
-10570.774749971368,0
-14885.710067398097,0
-17191.83861656263,0
-16372.886132827422,0
-17352.481191695246,0
-6187.601453021805,0
-6192.746612029711,0
-6414.16803112592,0
-10948.955263979717,0
-6380.977380704233,0
-6416.475104118906,0
-16239.44783318668,0
-17165.549824372352,0
-14132.254411166856,0
-13975.97554567876,0
-3464.894420117594,1
-946.1179671831517,1
-5557.202294219505,1
-2024.4619681532413,1
-2702.537247979422,1
-1804.8804185931713,1
-3072.643774262857,1
-2980.1131702228454,1
-3177.9818174014235,1
-2283.832612401044,1
-3067.2006265826,1
-2916.456527496851,1
-1972.7144539878122,1
-2197.081021836507,1
-2971.306617035487,1
-3785.7537093456103,1
-1023.2815309198331,1
-2702.537247979422,1
-3689.5579618589213,1
-2197.081021836507,1
-1023.2815309198331,1
-4147.628379727346,1
-2109.994173889905,1
-5699.088726856838,1
-2283.832612401044,1
-1667.9881290764529,1
-3924.109460320967,1
-19612.7602688208,1
-1631.7677549471393,1
-7984.900592867744,1
-2098.2488937104754,1
-3009.651719995485,1
-2072.18588008058,1
-1972.7144539878122,1
-57020.22499494174,1
-5240.463063662254,1
-3067.2006265826,1
-8087.7746971722345,1
-1804.8804185931713,1
-3830.316195723666,1
-2163.0073716370016,1
-3778.568588542236,1
-4688.691780968079,1
-3009.651719995485,1
-2024.4619681532413,1
-1945.0917368854177,1
-1989.3994738282886,1
-2126.7566584448095,1
-4179.704990375438,1
-2901.563462878924,1
-3357.0396226082225,1
-3177.9818174014235,1
-3009.651719995485,1
-3035.098476931073,1
-7673.382992307358,1
-3031.0740326109526,1
-2764.06169722269,1
-3636.7887196759198,1
-3965.7336810751954,1
-971.158209334931,1
-971.158209334931,1
-2764.06169722269,1
-1972.7144539878122,1
-2151.3638245659467,1
-21491.97437750208,1
-7536.9726062690415,1
-5678.88923620778,1
-1487.8389676762386,1
-3168.6737626542376,1
-3215.9960681083003,1
-2078.154328500541,1
-2327.9806929127612,1
-2325.025371492758,1
-1581.4183722278315,1
-2151.3638245659467,1
-3177.9818174014235,1
-1023.2815309198331,1
-2171.4525930632267,1
-1945.715596427858,1
-3009.651719995485,1
-2197.081021836507,1
-47548.63681153558,1
-17676.825816134784,1
-952.2998044277899,1
-1971.1547505153133,1
-1971.1547505153133,1
-2327.9806929127612,1
-1949.9205742787951,1
-1945.715596427858,1
-3910.976392377408,1
-3009.651719995485,1
-7812.883237530359,1
-17676.825816134784,1
-3689.6653178321008,1
-1581.4183722278315,1
-4442.001797162316,1
-2327.9806929127612,1
-1917.7305670565386,1
-3413.6443109679635,1
-2197.081021836507,1
